{
  "brands": [
    {
      "name": "Samsung",
      "products": [
        {
          "name": "The Samsung Galaxy S21 Ultra",
          "description": "The Samsung Galaxy S21 Ultra features a 108MP camera, 6.8-inch Dynamic AMOLED display, and 5G connectivity.",
          "rating": 4,
          "category": "Electronics",
          "price": 1199.99,
          "image": "https://encrypted-tbn0.gstatic.com/images?q=tbn:ANd9GcQE7-fQn_C9xwXWppPAwlPPU-7qUt_-lflrpg&s"
        },
        {
          "name": "Samsung QLED 4K Smart TV",
          "description": "The Samsung QLED 4K Smart TV offers stunning picture quality with Quantum Dot technology and smart features like built-in Alexa and Google Assistant.",
          "rating": 4,
          "category": "Electronics",
          "price": 999.99,
          "image": "https://image-us.samsung.com/SamsungUS/home/television-home-theater/tvs/qled-4k-tvs/qn85q80cafxza/QN55Q80CAFXZA_003_L-Perspective_Titan.jpg?$product-details-jpg$"
        },
        {
          "name": "Samsung Galaxy Watch 4",
          "description": "The Samsung Galaxy Watch 4 is a stylish smartwatch that tracks fitness, monitors health metrics, and offers seamless connectivity with Samsung devices.",
          "rating": 3,
          "category": "Clothing",
          "price": 249.99,
          "image": "https://image-us.samsung.com/SamsungUS/configurator/watch4_bands/W4_46mm_02_BLK_Ridge_BLK-MB-720x720.jpg"
        },
        {
          "name": "Samsung Galaxy Buds Pro",
          "description": "The Samsung Galaxy Buds Pro are high-quality wireless earbuds with active noise cancellation, excellent sound quality, and long battery life.",
          "rating": 4,
          "category": "Clothing",
          "price": 199.99,
          "image": "https://m.media-amazon.com/images/I/51c8jaXEp+S.jpg"
        },
        {
          "name": "Samsung Family Hub Refrigerator",
          "description": "The Samsung Family Hub Refrigerator features a large touchscreen, smart connectivity, and ample storage space to keep your food fresh and organized.",
          "rating": 5,
          "category": "Home",
          "price": 2999.99,
          "image": "https://www.cnet.com/a/img/resize/1be4ceb5058ce3c094ddedc21edc48fbdd37f841/hub/2016/07/15/bda3c418-740a-4183-93fc-3b95d5a1cc58/samsung-family-hub-refrigerator-promo.jpg?auto=webp&fit=crop&height=1200&width=1200"
        },
        {
          "name": "Samsung Jet 90 Complete Cordless Stick Vacuum",
          "description": "The Samsung Jet 90 Complete Cordless Stick Vacuum offers powerful suction, a lightweight design, and a long-lasting battery for efficient home cleaning.",
          "rating": 4,
          "category": "Home",
          "price": 599.99,
          "image": "https://images.costco-static.com/ImageDelivery/imageService?profileId=12026540&itemId=1586751-847&recipeName=680"
        }
      ]
    },
    {
      "name": "Sony",
      "products": [
        {
          "name": "Sony Bravia XR A80J OLED TV",
          "description": "The Sony Bravia XR A80J OLED TV features stunning picture quality, immersive sound, and smart capabilities with Google TV integration.",
          "rating": 5,
          "category": "Electronics",
          "price": 1799.99,
          "image": "https://i5.walmartimages.com/asr/232246dc-18fb-4662-a34f-5ee4f2e755f7.4fe7a028d53eece080cc6ca0ee982815.jpeg?odnHeight=768&odnWidth=768&odnBg=FFFFFF"
        },
        {
          "name": "Sony WH-1000XM4 Wireless Headphones",
          "description": "The Sony WH-1000XM4 Wireless Headphones offer industry-leading noise cancellation, superior sound quality, and all-day comfort.",
          "rating": 5,
          "category": "Electronics",
          "price": 349.99,
          "image": "https://m.media-amazon.com/images/I/61cm-9ZjI0L.jpg"
        },
        {
          "name": "Sony SmartWear SWR10",
          "description": "The Sony SmartWear SWR10 is a wearable activity tracker that monitors your daily activities, sleep patterns, and provides notifications.",
          "rating": 3,
          "category": "Clothing",
          "price": 99.99,
          "image": "https://m.media-amazon.com/images/I/614Y+yox9YL.jpg"
        },
        {
          "name": "Sony WF-SP800N True Wireless Earbuds",
          "description": "The Sony WF-SP800N True Wireless Earbuds offer active noise cancellation, water resistance, and secure fit for an active lifestyle.",
          "rating": 4,
          "category": "Clothing",
          "price": 199.99,
          "image": "https://m.media-amazon.com/images/I/61JpGE72E1L.jpg"
        },
        {
          "name": "Sony SRS-XP700 Portable Bluetooth Speaker",
          "description": "The Sony SRS-XP700 Portable Bluetooth Speaker delivers powerful sound, long battery life, and LED lighting effects for parties.",
          "rating": 4,
          "category": "Home",
          "price": 449.99,
          "image": "https://www.lowpricesupply.com/cdn/shop/products/31QpO7M-aJS_1024x1024.jpg?v=1683291657"
        },
        {
          "name": "Sony HT-G700 Soundbar",
          "description": "The Sony HT-G700 Soundbar offers immersive 3.1 channel surround sound with Dolby Atmos and DTS:X support, perfect for home theaters.",
          "rating": 5,
          "category": "Home",
          "price": 499.99,
          "image": "https://m.media-amazon.com/images/I/51pu0lLt-nL.jpg"
        }
      ]
    },
    {
      "name": "Apple",
      "products": [
        {
          "name": "Apple iPhone 13 Pro Max",
          "description": "The Apple iPhone 13 Pro Max features a 6.7-inch Super Retina XDR display, A15 Bionic chip, and 5G connectivity.",
          "rating": 5,
          "category": "Electronics",
          "price": 1099.99,
          "image": "https://media.wired.com/photos/6149204955f7b3aea723343d/1:1/w_1568,h_1568,c_limit/Gear-Review-Apple_iPhone-13-Pro_Colors_09142021.jpg"
        },
        {
          "name": "Apple MacBook Pro 14-inch",
          "description": "The Apple MacBook Pro 14-inch offers a stunning Liquid Retina XDR display, M1 Pro chip, and up to 17 hours of battery life.",
          "rating": 5,
          "category": "Electronics",
          "price": 1999.99,
          "image": "https://store.storeimages.cdn-apple.com/4982/as-images.apple.com/is/mbp14-spacegray-select-202310?wid=904&hei=840&fmt=jpeg&qlt=90&.v=1697230830200"
        },
        {
          "name": "Apple Watch Series 7",
          "description": "The Apple Watch Series 7 features a larger, always-on Retina display, advanced health metrics, and enhanced durability.",
          "rating": 3,
          "category": "Clothing",
          "price": 399.99,
          "image": "https://m.media-amazon.com/images/I/71fOU4IIa9L.jpg"
        },
        {
          "name": "Apple AirPods Pro",
          "description": "The Apple AirPods Pro offer active noise cancellation, superior sound quality, and a customizable fit for all-day comfort.",
          "rating": 4,
          "category": "Clothing",
          "price": 249.99,
          "image": "https://m.media-amazon.com/images/I/71zny7BTRlL._AC_UF894,1000_QL80_.jpg"
        },
        {
          "name": "Apple HomePod Mini",
          "description": "The Apple HomePod Mini delivers room-filling sound, smart home capabilities, and seamless integration with Apple devices.",
          "rating": 3,
          "category": "Home",
          "price": 99.99,
          "image": "https://store.storeimages.cdn-apple.com/4982/as-images.apple.com/is/homepod-mini-202110-gallery-1?wid=2824&hei=2400&fmt=jpeg&qlt=90&.v=1632998375000"
        },
        {
          "name": "Apple TV 4K",
          "description": "The Apple TV 4K provides stunning picture quality, Dolby Atmos sound, and access to a wide range of streaming services.",
          "rating": 2,
          "category": "Home",
          "price": 179.99,
          "image": "https://pisces.bbystatic.com/image2/BestBuy_US/images/products/6500/6500684_sd.jpg"
        }
      ]
    },
    {
      "name": "IKEA",
      "products": [
        {
          "name": "IKEA Ektorp Sofa",
          "description": "The IKEA Ektorp Sofa is a comfortable and durable sofa with washable covers, perfect for the living room.",
          "rating": 4,
          "category": "Home",
          "price": 499.99,
          "image": "https://www.ikea.com/us/en/images/products/ektorp-sofa-cover-lofallet-beige__0386819_pe559167_s5.jpg?f=s"
        },
        {
          "name": "IKEA Hemnes Dresser",
          "description": "The IKEA Hemnes Dresser features spacious drawers and a classic design, ideal for bedroom storage.",
          "rating": 4,
          "category": "Home",
          "price": 249.99,
          "image": "https://www.ikea.com/us/en/images/products/hemnes-8-drawer-dresser-white-stain__0627346_pe693299_s5.jpg?f=s"
        },
        {
          "name": "IKEA Symfonisk WiFi Speaker",
          "description": "The IKEA Symfonisk WiFi Speaker combines high-quality sound with a functional lamp design, perfect for any room.",
          "rating": 4,
          "category": "Electronics",
          "price": 179.99,
          "image": "https://www.ikea.com/us/en/images/products/symfonisk-sonos-wi-fi-bookshelf-speakers-white-set-of-2-gen-2__1168832_pe892260_s5.jpg?f=s"
        },
        {
          "name": "IKEA Skadis Pegboard",
          "description": "The IKEA Skadis Pegboard helps you organize your workspace with customizable storage options for tools and accessories.",
          "rating": 4,
          "category": "Home",
          "price": 19.99,
          "image": "https://www.ikea.com/us/en/images/products/skadis-pegboard-white__1165861_pe890994_s5.jpg"
        },
        {
          "name": "IKEA Puderviva Linen Duvet Cover Set",
          "description": "The IKEA Puderviva Linen Duvet Cover Set offers a soft and breathable linen fabric for a comfortable night's sleep.",
          "rating": 4,
          "category": "Clothing",
          "price": 79.99,
          "image": "https://www.ikea.com/bh/en/images/products/puderviva-quilt-cover-and-2-pillowcases-light-yellow__0718521_pe731571_s5.jpg"
        },
        {
          "name": "IKEA Kallax Shelving Unit",
          "description": "The IKEA Kallax Shelving Unit is versatile and practical for storing books, toys, and decorative items in any room.",
          "rating": 4,
          "category": "Home",
          "price": 69.99,
          "image": "https://www.ikea.com/us/en/images/products/kallax-shelf-unit-white__1051325_pe845148_s5.jpg"
        }
      ]
    },
    {
      "name": "Target",
      "products": [
        {
          "name": "Target Threshold 5-Tier Bookshelf",
          "description": "The Target Threshold 5-Tier Bookshelf offers ample storage space and a stylish design for organizing books and decor.",
          "rating": 4,
          "category": "Home",
          "price": 99.99,
          "image": "https://target.scene7.com/is/image/Target/GUEST_c3e902ad-7687-483a-a885-6a70b1341eb1"
        },
        {
          "name": "Target Project 62 Accent Chair",
          "description": "The Target Project 62 Accent Chair features a modern design with comfortable upholstery, perfect for any living space.",
          "rating": 4,
          "category": "Home",
          "price": 199.99,
          "image": "https://target.scene7.com/is/image/Target/GUEST_11504b6d-af62-4a34-8c9a-ab679fefc56d?wid=488&hei=488&fmt=pjpeg"
        },
        {
          "name": "Target Apple Watch Series 7",
          "description": "The Target Apple Watch Series 7 features a larger, always-on Retina display, advanced health metrics, and enhanced durability.",
          "rating": 5,
          "category": "Electronics",
          "price": 399.99,
          "image": "https://target.scene7.com/is/image/Target/GUEST_09b049ee-2f12-4e01-9067-6515fc8a6cf5?wid=488&hei=488&fmt=pjpeg"
        },
        {
          "name": "Target Sony PlayStation 5",
          "description": "The Target Sony PlayStation 5 delivers immersive gaming experiences with high-speed SSD storage, ray tracing, and 4K gaming support.",
          "rating": 5,
          "category": "Electronics",
          "price": 499.99,
          "image": "https://target.scene7.com/is/image/Target/GUEST_541e533b-2b77-4441-93cf-f19b3de383aa?wid=488&hei=488&fmt=pjpeg"
        },
        {
          "name": "Target A New Day Women's Blouse",
          "description": "The Target A New Day Women's Blouse offers a stylish design with comfortable fabric, perfect for everyday wear.",
          "rating": 4,
          "category": "Clothing",
          "price": 24.99,
          "image": "https://target.scene7.com/is/image/Target/GUEST_5e615722-da45-4faa-83d6-851416d89f3d?wid=488&hei=488&fmt=pjpeg"
        },
        {
          "name": "Target Goodfellow & Co Men's Jeans",
          "description": "The Target Goodfellow & Co Men's Jeans feature a classic fit with durable denim fabric, ideal for casual and dressy occasions.",
          "rating": 4,
          "category": "Clothing",
          "price": 29.99,
          "image": "https://target.scene7.com/is/image/Target/GUEST_331cfd4c-e37c-456f-8192-132ce70640ae?wid=488&hei=488&fmt=pjpeg"
        }
      ]
    }
  ]
}
